{
    "Roslindale": 90.96875,
    "Jamaica Plain": 176.87719298245614,
    "Mission Hill": 128.03846153846155,
    "Longwood Medical Area": null,
    "Bay Village": 169.97142857142856,
    "Leather District": null,
    "Chinatown": 282.05,
    "North End": 193.7948717948718,
    "Roxbury": 139.35135135135135,
    "South End": 179.43410852713177,
    "Back Bay": 220.94495412844037,
    "East Boston": 139.8235294117647,
    "Charlestown": 215.32692307692307,
    "West End": 239.3125,
    "Beacon Hill": 198.54666666666665,
    "Downtown": 231.60106382978722,
    "Fenway": 235.23728813559322,
    "Brighton": 112.30232558139535,
    "West Roxbury": 108.61111111111111,
    "Hyde Park": 86.44,
    "Mattapan": 88.57142857142857,
    "Dorchester": 127.40182648401826,
    "South Boston Waterfront": 262.4117647058824,
    "South Boston": 181.09195402298852,
    "Allston": 164.03076923076924,
    "Harbor Islands": null
}